{
  "experiment": "2a_bnn_reservoir_baseline",
  "platform": "CL SDK Simulator v0.29.0",
  "parameters": {
    "ticks_per_second": 1000,
    "duration_sec": 60,
    "warmup_sec": 5,
    "n_channels": 64,
    "n_input_channels": 8,
    "input_prob": 0.5,
    "max_delay": 30,
    "ridge_alpha": 0.01,
    "random_seed": 42
  },
  "results": [
    {
      "p_rel": 0.063,
      "label": "Coherent (0.063)",
      "mc_total": 0.0045,
      "mc_per_delay": [
        0.0001713705273704827,
        4.2557337503279995e-05,
        0.00035970464636487663,
        6.77105457138009e-07,
        2.1972275132161055e-05,
        5.648069350243797e-06,
        0.00019074274956312412,
        1.0667991025188643e-07,
        0.00037595336398645024,
        1.6707157301277396e-05,
        0.0004120723698729912,
        0.00016246140544125872,
        5.738231615545964e-05,
        0.0001990812299152083,
        9.502009708297075e-05,
        1.6226164913260278e-06,
        9.884318338127046e-05,
        1.8525047669034826e-05,
        6.661515603132814e-06,
        0.0002322625008379412,
        0.0002627795047350003,
        8.329091436559744e-05,
        0.00014987391369834053,
        2.1900180205739305e-05,
        0.00021597984642136818,
        0.0006100179895573085,
        0.00021925924467267177,
        3.1349829671293365e-05,
        0.00026183332174605184,
        0.00017189557004909948
      ],
      "total_spikes": 4150,
      "stim_count": 1876,
      "mean_spike_rate_Hz": 1.08,
      "spike_rates": [
        0.8727272748947144,
        1.2909090518951416,
        1.1272727251052856,
        0.8909090757369995,
        1.2909090518951416,
        0.9272727370262146,
        0.9454545378684998,
        1.381818175315857,
        1.0909091234207153,
        1.1272727251052856,
        0.8363636136054993,
        1.1818181276321411,
        0.8181818127632141,
        1.2727272510528564,
        1.218181848526001,
        1.163636326789856,
        0.9636363387107849,
        1.0727273225784302,
        1.2727272510528564,
        0.8727272748947144,
        1.1090909242630005,
        1.163636326789856,
        1.0181818008422852,
        1.2909090518951416,
        1.218181848526001,
        1.1272727251052856,
        1.0727273225784302,
        1.1090909242630005,
        1.0,
        1.1090909242630005,
        0.9090909361839294,
        1.2727272510528564,
        1.0363636016845703,
        1.0363636016845703,
        1.163636326789856,
        1.1818181276321411,
        0.8727272748947144,
        0.9636363387107849,
        0.9090909361839294,
        1.0181818008422852,
        1.0363636016845703,
        1.0,
        0.7818182110786438,
        1.163636326789856,
        1.0181818008422852,
        1.218181848526001,
        1.0363636016845703,
        1.1454545259475708,
        1.2727272510528564,
        1.0363636016845703,
        1.3272727727890015,
        1.1272727251052856,
        1.0363636016845703,
        1.163636326789856,
        1.2363636493682861,
        1.1090909242630005,
        1.0181818008422852,
        1.1454545259475708,
        1.1818181276321411,
        1.1454545259475708,
        1.0181818008422852,
        1.0545454025268555,
        1.0,
        0.9636363387107849
      ]
    },
    {
      "p_rel": 0.18,
      "label": "Body temp (0.180)",
      "mc_total": 0.0024,
      "mc_per_delay": [
        1.8664256449407212e-06,
        0.0004500046075232057,
        0.00022538266726080788,
        7.375475710151849e-06,
        0.0001241860341572362,
        1.4167832385304723e-06,
        4.3490029487860855e-05,
        2.0027506835197272e-05,
        4.6579549105832577e-05,
        1.4837959342644356e-06,
        3.0940095620449953e-06,
        5.79252900514115e-05,
        9.642270715880441e-05,
        3.191831093371251e-08,
        6.911717596893758e-05,
        3.7771287971371434e-05,
        7.391092514415587e-07,
        5.756224473857702e-07,
        7.458766027211103e-06,
        1.8670408143040258e-05,
        1.4837125370565036e-05,
        1.2030417841246302e-05,
        0.00015860175629889018,
        7.308797873029017e-05,
        3.2268607641681097e-06,
        0.00045294047030685144,
        0.0002852731387446366,
        2.3978536723592924e-05,
        0.00012959761129825248,
        3.527900170650405e-05
      ],
      "total_spikes": 4150,
      "stim_count": 5329,
      "mean_spike_rate_Hz": 1.08,
      "spike_rates": [
        0.8727272748947144,
        1.2545454502105713,
        1.2545454502105713,
        0.9454545378684998,
        1.2363636493682861,
        1.0363636016845703,
        0.9818181991577148,
        1.381818175315857,
        1.0545454025268555,
        1.1272727251052856,
        0.8545454740524292,
        1.2727272510528564,
        0.8545454740524292,
        1.218181848526001,
        1.1818181276321411,
        1.1272727251052856,
        0.9090909361839294,
        1.0363636016845703,
        1.3272727727890015,
        0.9272727370262146,
        1.1818181276321411,
        1.0727273225784302,
        1.0,
        1.218181848526001,
        1.2727272510528564,
        1.163636326789856,
        1.0727273225784302,
        1.0909091234207153,
        0.9636363387107849,
        1.163636326789856,
        0.9090909361839294,
        1.2363636493682861,
        0.9818181991577148,
        1.0909091234207153,
        1.0909091234207153,
        1.0545454025268555,
        0.9636363387107849,
        0.9090909361839294,
        1.0,
        1.0909091234207153,
        1.0363636016845703,
        0.9818181991577148,
        0.800000011920929,
        1.0909091234207153,
        1.0363636016845703,
        1.163636326789856,
        0.9272727370262146,
        1.1272727251052856,
        1.3636363744735718,
        1.0363636016845703,
        1.3090908527374268,
        1.1272727251052856,
        1.0,
        1.2000000476837158,
        1.1818181276321411,
        1.0727273225784302,
        1.0,
        1.0909091234207153,
        1.0909091234207153,
        1.1272727251052856,
        1.0181818008422852,
        1.1272727251052856,
        1.0,
        0.9454545378684998
      ]
    },
    {
      "p_rel": 0.418,
      "label": "ENAQT peak (0.418)",
      "mc_total": 0.003,
      "mc_per_delay": [
        0.00016981107705018166,
        4.6225960870109084e-05,
        0.00033124847389546727,
        0.00015795183142049352,
        3.9568260766794095e-06,
        2.244983943680693e-05,
        3.665917264886612e-05,
        0.0003451934284408371,
        8.349440444213387e-05,
        5.343591505477017e-05,
        0.0001624830762107149,
        0.0002656152621437409,
        1.3671408042654446e-05,
        1.9782985609798652e-05,
        0.0001859092600720292,
        0.000167685538000349,
        2.2610438547303792e-06,
        5.158756087788242e-05,
        4.715370198276188e-06,
        2.6497050487194277e-05,
        0.00016721645592510486,
        1.2943534395379562e-05,
        2.5779703949284743e-05,
        4.469891027633524e-06,
        3.6979687811101836e-05,
        0.00021740205167768,
        1.263537394192444e-05,
        0.00024482760463201593,
        1.4807913776792137e-05,
        9.566538828837915e-05
      ],
      "total_spikes": 4150,
      "stim_count": 12427,
      "mean_spike_rate_Hz": 1.08,