{
  "experiment": "2c_temperature_sweep_prediction",
  "platform": "CL SDK Simulator v0.29.0",
  "parameters": {
    "ticks_per_second": 1000,
    "duration_sec": 60,
    "warmup_sec": 5,
    "n_channels": 64,
    "n_input_channels": 8,
    "input_prob": 0.5,
    "max_delay": 30,
    "ridge_alpha": 0.01,
    "random_seed": 42,
    "n_sweep_points": 18
  },
  "p_rel_values": [
    0.01,
    0.0325,
    0.05500000000000001,
    0.0775,
    0.1,
    0.15,
    0.19999999999999998,
    0.25,
    0.3,
    0.35,
    0.39999999999999997,
    0.44999999999999996,
    0.5,
    0.55,
    0.6625000000000001,
    0.775,
    0.8875,
    1.0
  ],
  "enaqt_gating": {
    "mc_values": [
      0.0029118686656410273,
      0.0036019964824066395,
      0.0011988037444990276,
      0.0029118545237721677,
      0.002783049108148603,
      0.0029452651185759605,
      0.003535829083736113,
      0.0032519684216794527,
      0.0031470752445137387,
      0.0022001828557641776,
      0.0024460761333925996,
      0.0035309375933670266,
      0.002160472874020107,
      0.003388737775439333,
      0.002713743380561621,
      0.0029022324226885728,
      0.002830123002973744,
      0.0028635546957919374
    ],
    "spikes": [
      4164,
      4164,
      4164,
      4164,
      4164,
      4164,
      4164,
      4164,
      4164,
      4164,
      4164,
      4164,
      4164,
      4164,
      4164,
      4164,
      4164,
      4164
    ],
    "stims": [
      316,
      958,
      1708,
      2234,
      2975,
      4392,
      5977,
      7540,
      8953,
      10481,
      11877,
      13538,
      14798,
      16595,
      19879,
      23296,
      26680,
      30067
    ],
    "peak_p_rel": 0.0325,
    "peak_mc": 0.0036019964824066395,
    "non_monotonic": false
  },
  "classical_control": {
    "mc_values": [
      0.003072295095170119,
      0.0035417397540236017,
      0.0029676034951958063,
      0.0026952194742948512,
      0.004359337515659521,
      0.0030433211592923322,
      0.0026388140947660563,
      0.001851621110172055,
      0.003251448456773599,
      0.0029753262600101674,
      0.0024101798008607693,
      0.003131235892714317,
      0.0036504371939074503,
      0.004165507087745227,
      0.0030663246208265747,
      0.002795986658645236,
      0.002411994366227442,
      0.002759275064762142
    ],
    "spikes": [
      4164,
      4164,
      4164,
      4164,
      4164,
      4164,
      4164,
      4164,
      4164,
      4164,
      4164,
      4164,
      4164,
      4164,
      4164,
      4164,
      4164,
      4164
    ],
    "stims": [
      30152,
      30062,
      30107,
      29885,
      30063,
      30212,
      30185,
      30028,
      30095,
      30004,
      29970,
      30042,
      29837,
      30088,
      30096,
      30161,
      29981,
      30067
    ],
    "peak_amp": 0.1,
    "peak_mc": 0.004359337515659521,
    "monotonic_trend": false
  },
  "prediction_test": {
    "enaqt_non_monotonic": false,
    "classical_monotonic": false,
    "prediction_supported": false
  },
  "elapsed_s": 826.2
}