{
  "experiment": "1e_enaqt_reservoir",
  "parameters": {
    "n_reservoir": 200,
    "spectral_radius": 0.9,
    "w_input_scale": 1.5,
    "leak_rate": 0.3,
    "n_steps": 5000,
    "max_delay": 30,
    "seed": 42
  },
  "enaqt_bridge": {
    "p_coherent": 0.062534,
    "p_body": 0.180082,
    "p_peak": 0.41783,
    "gamma_coherent_cm": 0.01,
    "gamma_body_cm": 215.46,
    "gamma_peak_cm": 1145.05
  },
  "conditions": {
    "Coherent": {
      "p_release": 0.062534,
      "mc_total": 0.325,
      "mc_per_delay": [
        0.2102,
        0.087,
        0.025,
        0.0027,
        0.0,
        0.0,
        0.0,
        0.0,
        0.0,
        0.0,
        0.0,
        0.0,
        0.0,
        0.0,
        0.0,
        0.0,
        0.0,
        0.0,
        0.0,
        0.0,
        0.0,
        0.0,
        0.0,
        0.0,
        0.0,
        0.0,
        0.0,
        0.0,
        0.0,
        0.0
      ],
      "nlc_square_r2": 0.4689,
      "nlc_cross_r2": 0.6063,
      "mean_activation": 0.3055
    },
    "Body temp": {
      "p_release": 0.180082,
      "mc_total": 0.5819,
      "mc_per_delay": [
        0.2219,
        0.1326,
        0.0975,
        0.0842,
        0.0378,
        0.0079,
        0.0,
        0.0,
        0.0,
        0.0,
        0.0,
        0.0,
        0.0,
        0.0,
        0.0,
        0.0,
        0.0,
        0.0,
        0.0,
        0.0,
        0.0,
        0.0,
        0.0,
        0.0,
        0.0,
        0.0,
        0.0,
        0.0,
        0.0,
        0.0
      ],
      "nlc_square_r2": 0.5911,
      "nlc_cross_r2": 0.6605,
      "mean_activation": 0.3214
    },
    "ENAQT peak": {
      "p_release": 0.41783,
      "mc_total": 0.9899,
      "mc_per_delay": [
        0.2631,
        0.198,
        0.1597,
        0.1391,
        0.0824,
        0.0558,
        0.0552,
        0.0307,
        0.0058,
        0.0,
        0.0,
        0.0,
        0.0,
        0.0,
        0.0,
        0.0,
        0.0,
        0.0,
        0.0,
        0.0,
        0.0,
        0.0,
        0.0,
        0.0,
        0.0,
        0.0,
        0.0,
        0.0,
        0.0,
        0.0
      ],
      "nlc_square_r2": 0.6926,
      "nlc_cross_r2": 0.712,
      "mean_activation": 0.3404
    },
    "Full (P=1.0)": {
      "p_release": 1.0,
      "mc_total": 5.841,
      "mc_per_delay": [
        0.7926,
        0.4303,
        0.4081,
        0.305,
        0.2765,
        0.2647,
        0.2397,
        0.2097,
        0.2046,
        0.2013,
        0.194,
        0.1866,
        0.1729,
        0.1627,
        0.1498,
        0.1515,
        0.1402,
        0.1334,
        0.1272,
        0.1216,
        0.1179,
        0.1137,
        0.1054,
        0.0994,
        0.094,
        0.0918,
        0.0924,
        0.0902,
        0.0864,
        0.0774
      ],
      "nlc_square_r2": 0.9838,
      "nlc_cross_r2": 0.9087,
      "mean_activation": 0.3602
    }
  },
  "dephasing_sweep": {
    "gamma_values": [
      0.01,
      0.0151,
      0.0229,
      0.0346,
      0.0522,
      0.079,
      0.1194,
      0.1805,
      0.2728,
      0.4125,
      0.6236,
      0.9427,
      1.4251,
      2.1544,
      3.257,
      4.9239,
      7.4438,
      11.2534,
      17.0125,
      25.7191,
      38.8816,
      58.7802,
      88.8624,
      134.3399,
      203.0918,
      307.0291,
      464.1589,
      701.7038,
      1060.8184,
      1603.7187,
      2424.462,
      3665.2412,
      5541.0203,
      8376.7764,
      12663.8017,
      19144.8198,
      28942.6612,
      43754.7938,
      66147.4064,
      100000.0
    ],
    "p4_values": [
      0.062534,
      0.062472,
      0.06238,
      0.062241,
      0.062032,
      0.061718,
      0.061249,
      0.060551,
      0.059522,
      0.058022,
      0.055878,
      0.052891,
      0.048886,
      0.043792,
      0.037758,
      0.031236,
      0.024946,
      0.019739,
      0.016514,
      0.016402,
      0.021245,
      0.034215,
      0.060129,
      0.104392,
      0.169323,
      0.248884,
      0.327563,
      0.387441,
      0.416364,
      0.409354,
      0.36686,
      0.295556,
      0.210013,
      0.129332,
      0.068457,
      0.031358,
      0.012685,
      0.004651,
      0.001585,
      0.000513
    ],
    "mc_values": [
      0.3375,
      0.3369,
      0.3373,
      0.3423,
      0.339,
      0.3373,
      0.3362,
      0.3255,
      0.337,
      0.336,
      0.3316,
      0.3377,
      0.3102,
      0.321,
      0.3263,
      0.3302,
      0.2982,
      0.3,
      0.2987,
      0.2977,
      0.283,
      0.3139,
      0.3299,
      0.4771,
      0.5179,
      0.6737,
      0.8346,
      0.953,
      0.9892,
      0.986,
      0.9653,
      0.7538,
      0.5954,
      0.4629,
      0.3401,
      0.3257,
      0.2886,
      0.3305,
      0.3029,
      0.2998
    ],
    "mc_peak_gamma_cm": 1060.8184,
    "mc_peak_value": 0.9892,
    "enaqt_peak_gamma_cm": 1060.8184
  },
  "elapsed_s": 59.5
}