{
  "experiment": "2e_corrected_enaqt_bnn",
  "platform": "CL SDK Simulator + GPU Lindblad",
  "model": {
    "n_sites": 4,
    "site_energies_J": [
      0.0,
      15.0,
      15.0,
      0.0
    ],
    "coupling_J": 1.0,
    "trap_rate_J": 0.05,
    "description": "Donor-bridge-acceptor, corrected from experiment_1c_gpu.py"
  },
  "parameters": {
    "ticks_per_second": 1000,
    "duration_sec": 60,
    "warmup_sec": 5,
    "n_channels": 64,
    "n_input_channels": 8,
    "max_delay": 30,
    "ridge_alpha": 0.01,
    "n_sweep_points": 20
  },
  "four_condition_results": [
    {
      "label": "Coherent",
      "gamma_J": 0.01,
      "p4": 0.001827,
      "p_release": 0.0575,
      "mc_total": 0.0017,
      "mc_per_delay": [
        3.4900153231995846e-05,
        2.775157012012788e-05,
        1.9530563652090762e-05,
        2.6534724653062413e-05,
        2.6107893483090183e-05,
        6.39093100788955e-05,
        3.70574757793592e-06,
        0.00024811813654437154,
        3.151578404354652e-05,
        1.7712709855781502e-05,
        9.710680618188563e-05,
        3.53537249966867e-05,
        0.0002747004502865562,
        1.937387321241074e-05,
        1.3929272490962926e-05,
        0.00012674172433512455,
        9.433578022123031e-05,
        0.00011204001464099414,
        1.418834031458046e-07,
        1.3406498437516762e-05,
        1.7194523976892888e-06,
        5.687938353054564e-05,
        2.720846314047669e-06,
        3.0251195574434346e-07,
        2.0481568217275248e-06,
        0.00012353900021972843,
        7.602667741483472e-06,
        0.00017009805724283144,
        1.8879772874284778e-06,
        7.291496807458824e-07
      ],
      "total_spikes": 4248,
      "stim_count": 1726,
      "mean_spike_rate_Hz": 1.1
    },
    {
      "label": "Low dephasing",
      "gamma_J": 1.0,
      "p4": 0.002253,
      "p_release": 0.070907,
      "mc_total": 0.0027,
      "mc_per_delay": [
        0.0001462110378990037,
        6.401175219991671e-06,
        0.0005501142722704853,
        0.00021056789371728946,
        1.3186921485780429e-06,
        0.0001248502019340812,
        3.5312770599329545e-07,
        3.7459860405902546e-05,
        9.628676844611343e-05,
        1.9742069900040107e-05,
        1.4181318500351458e-05,
        9.469089341643053e-05,
        0.00012678643540679126,
        3.5101401449796205e-05,
        2.2889176438571338e-05,
        4.738975832026635e-06,
        0.00015368028215365543,
        0.0003884277234572267,
        4.472011517391667e-07,
        0.00020578415320308263,
        2.7619865937657376e-05,
        7.739227371521382e-06,
        0.00010216008692740559,
        3.1489483582694034e-06,
        5.464051608519442e-06,
        4.1650660130114975e-05,
        0.00012781712940123952,
        0.00011301810445409129,
        5.777586426508893e-06,
        1.5581877831055037e-06
      ],
      "total_spikes": 4248,
      "stim_count": 2105,
      "mean_spike_rate_Hz": 1.11
    },
    {
      "label": "ENAQT peak",
      "gamma_J": 11.0,
      "p4": 0.031774,
      "p_release": 1.0,
      "mc_total": 0.0021,
      "mc_per_delay": [
        5.299637075522053e-06,
        2.955768107244401e-05,
        0.00020811112975370943,
        3.360894952586848e-05,
        3.803701725140015e-05,
        0.00012927744092451713,
        3.947446244122803e-06,
        8.887383144056602e-07,
        1.445062203221057e-05,
        6.383346385446859e-05,
        0.00017809092932040988,
        0.00010328926763551712,
        7.773441694459777e-05,
        2.3096158537764887e-05,
        0.00013362301858925343,
        0.00016339575729725436,
        0.0002557159604604601,
        7.066833146849368e-05,
        9.05419770063088e-05,
        0.00023201385926575717,
        3.302014926362831e-06,
        4.410149098897316e-06,
        6.1089737319876955e-06,
        3.898932359191966e-05,
        7.486020627055525e-05,
        9.144250505389023e-06,
        9.195869265957286e-06,
        1.0735653225711794e-05,
        3.185317993274773e-05,
        9.256882512420074e-06
      ],
      "total_spikes": 4248,
      "stim_count": 30152,
      "mean_spike_rate_Hz": 1.11
    },
    {
      "label": "High deph",
      "gamma_J": 200.0,
      "p4": 0.000216,
      "p_release": 0.01,
      "mc_total": 0.0026,
      "mc_per_delay": [
        1.815220659162711e-06,
        3.242092115049139e-08,
        1.6180570982492014e-08,
        0.00013182046784199024,
        4.691542341435324e-05,
        7.598325279197039e-06,
        0.0004255982864266182,
        0.00019065575675783364,
        0.0002837187765184166,
        9.417532654753574e-05,
        0.0005239294993427722,
        5.453621122028172e-06,
        2.9607608504324467e-05,
        5.140835470446451e-05,
        0.00012867143033462193,
        6.029851065581075e-05,
        1.1801372569954092e-06,
        5.460415471297558e-05,
        0.0001976847398607338,
        1.9011684519972678e-05,
        4.989355782771758e-05,
        2.3843538040594844e-05,
        6.194868714640653e-05,
        6.676892547530328e-06,
        1.2519031863918642e-05,
        7.076676927575469e-05,
        2.7869971028200846e-06,
        4.704533441997013e-05,
        3.511717386669458e-07,
        5.4412849973951974e-05
      ],
      "total_spikes": 4248,
      "stim_count": 316,
      "mean_spike_rate_Hz": 1.1
    }
  ],
  "dephasing_sweep": {
    "gamma_values_J": [
      0.01,
      0.017673160060762083,
      0.03123405865333159,
      0.055200451792756,
      0.0975566419959758,
      0.17241341489853446,
      0.304708987812438,
      0.5385170713562017,
      0.9517298397530989,
      1.6820073792559966,
      2.9726385636974184,
      5.253591713901832,
      9.284756725368048,
      16.409099173266675,
      29.000063614206045,
      51.2522766026146,
      90.57896878764593,
      160.0816613522838,
      282.9148823871626,
      499.99999999999994
    ],
    "p4_values": [
      0.001827,
      0.0017549713282336264,
      0.001639967848528794,
      0.0014719972114238568,
      0.0012590136530545206,
      0.0010429934099309471,
      0.0009290000366474332,
      0.0011289954865664382,
      0.002103999514847117,
      0.004882988418577537,
      0.011219992554457258,
      0.02182200657863569,
      0.03101299710759424,
      0.028514000806954813,
      0.016310997219944192,
      0.0061420008361777806,
      0.001710000055617826,
      0.0003949999912148799,
      8.199999820164103e-05,
      1.6e-05
    ],
    "prel_values": [
      0.05749984263863537,
      0.055232936622195083,
      0.05161351572130655,
      0.04632709798652536,
      0.03962402130844466,
      0.03282537325898367,
      0.02923774270307274,
      0.03553205408719199,
      0.066217646970703,
      0.15367874421154204,
      0.353118667918967,
      0.6867881468696321,
      0.9760495092715503,
      0.8974004156528864,
      0.5133441562266065,
      0.19330272663743253,
      0.05381758845653132,
      0.01243154752989488,
      0.01,
      0.01
    ],
    "mc_values": [
      0.0037604780791070285,
      0.0023265249785295048,
      0.0029462390771253922,
      0.0023223840951615508,
      0.001995202974694794,
      0.004118643113053212,
      0.002275988510894531,
      0.002624985003811645,
      0.002566206240209798,
      0.002280017394503756,
      0.002109390340321963,
      0.00245473308355045,
      0.003174814341369881,
      0.0021803303135837036,
      0.0027159637076576287,
      0.0030508933039851346,
      0.003032488986037715,
      0.0029094436965306364,
      0.0028767759084964185,
      0.0026107506115583055
    ],
    "mc_peak_gamma_J": 0.17241341489853446,
    "mc_peak_value": 0.004118643113053212,
    "p4_peak_gamma_J": 9.284756725368048,
    "pearson_r_p4_mc": -0.1226,
    "co_peak": false
  },
  "elapsed_s": 518.2
}