{
  "experiment": "3b_magnetic_field",
  "physics": {
    "gamma_P31_MHz_per_T": 17.235,
    "J_dipolar_Hz": 50.0,
    "earth_field_uT": 50.0,
    "T1_310K": 0.5
  },
  "b_field_sweep": {
    "B_mT": [
      0.0,
      0.01,
      0.05,
      0.1,
      0.2,
      0.5,
      1.0,
      2.0,
      3.0,
      5.0,
      7.0,
      10.0
    ],
    "tau_c_us": [
      250000.02344732164,
      250000.02344712618,
      250000.02344712618,
      250000.02344727147,
      250000.02344697676,
      250000.0234469791,
      250000.02344629547,
      250000.0234476659,
      250000.0234476659,
      250000.02344948513,
      250000.0234458521,
      250000.0234458521
    ],
    "larmor_Hz": [
      861.75,
      1034.1000000000001,
      1723.5,
      2585.2500000000005,
      4308.75,
      9479.25,
      18096.75,
      35331.75,
      52566.75,
      87036.75,
      121506.75,
      173211.75
    ]
  },
  "temperature_sweep": {
    "temperature_K": [
      4,
      50,
      100,
      150,
      200,
      250,
      280,
      300,
      310,
      320,
      340,
      370
    ],
    "tau_c_us": [
      1000000.0,
      1000000.0,
      775000.0070350711,
      516666.6743884361,
      387500.0191492852,
      310000.0215730748,
      276785.7273859794,
      258333.34173221912,
      250000.02344629547,
      242187.53226542243,
      227941.21057591084,
      209459.4943143363
    ],
    "B_mT": 1.0
  },
  "key_comparisons": {
    "tau_zero_field_us": 250000.0,
    "tau_1mT_us": 250000.0,
    "delta_tau_us": -0.0,
    "pct_change": -0.0,
    "larmor_dipolar_ratio": 344.7
  },
  "prediction": {
    "B_field_alters_coherence": true,
    "effect_sign": "negative",
    "testable": true
  },
  "elapsed_s": 1.9
}