{
  "experiment": "3a_isotope_effect",
  "physics": {
    "mass_ratio_DH": 1.998,
    "freq_scale_D2O": 0.7075,
    "gamma_body_H2O": 215.46,
    "gamma_body_D2O": 152.43
  },
  "body_temperature": {
    "P4_H2O": 0.1801,
    "P4_D2O": 0.1221,
    "delta_P4": -0.058,
    "pct_change": -32.2
  },
  "enaqt_peaks": {
    "H2O": {
      "gamma": 1172.0148634788263,
      "P4": 0.4180280361732482
    },
    "D2O": {
      "gamma": 1740.850035839773,
      "P4": 0.4180622174946974
    }
  },
  "dose_response": {
    "D2O_fractions": [
      0.0,
      0.1,
      0.2,
      0.3,
      0.4,
      0.5,
      0.6,
      0.7,
      0.8,
      0.9,
      1.0
    ],
    "gamma_effective": [
      215.46,
      209.15688553874136,
      202.8537710774827,
      196.55065661622402,
      190.24754215496537,
      183.9444276937067,
      177.64131323244806,
      171.33819877118935,
      165.0350843099307,
      158.73196984867204,
      152.4288553874134
    ],
    "P4_values": [
      0.18008172233038194,
      0.17464054400950962,
      0.1691122161402809,
      0.16349885618462562,
      0.15780306447209158,
      0.1520279799270598,
      0.14617734179635578,
      0.1402555580976222,
      0.134267781623887,
      0.12821999448782692,
      0.12211910238158424
    ],
    "MC_ratio": [
      1.0,
      0.9697849495747836,
      0.939085954709073,
      0.9079147737418181,
      0.8762858463924649,
      0.8442166032160991,
      0.8117278083789956,
      0.7788439397547865,
      0.7455936109804433,
      0.7120100409334805,
      0.678131577159962
    ]
  },
  "prediction": {
    "D2O_reduces_dephasing": true,
    "P4_decreases_at_body_temp": true,
    "MC_change_at_100pct_D2O": -32.2
  },
  "elapsed_s": 10.0
}