{
  "experiment": "2b_enaqt_gated_bnn",
  "platform": "CL SDK Simulator v0.29.0",
  "parameters": {
    "ticks_per_second": 1000,
    "duration_sec": 60,
    "warmup_sec": 5,
    "n_channels": 64,
    "n_input_channels": 8,
    "input_prob": 0.5,
    "max_delay": 30,
    "ridge_alpha": 0.01,
    "random_seed": 42,
    "n_sweep_points": 40
  },
  "enaqt_conditions": {
    "gamma_coherent_cm": 0.01,
    "p_coherent": 0.062534,
    "gamma_body_cm": 215.46,
    "p_body": 0.180082,
    "gamma_peak_cm": 1145.05,
    "p_peak": 0.41783
  },
  "four_condition_results": [
    {
      "label": "Coherent",
      "gamma_cm": 0.01,
      "p_release": 0.062534,
      "mc_total": 0.0025,
      "mc_per_delay": [
        1.156811442520479e-06,
        1.8626435663724332e-06,
        0.00023467731972798804,
        4.367653491422287e-05,
        3.044059857084252e-05,
        8.091325564068932e-05,
        1.4703602902809231e-05,
        5.156231223424138e-06,
        6.222891710780225e-05,
        0.0001437182617959734,
        9.812266270361115e-05,
        1.62920823733411e-05,
        1.1188238401224753e-05,
        0.00018319886503463553,
        0.0002073577838333433,
        1.6410505888572593e-06,
        0.00011918073914810234,
        5.908143313838266e-05,
        9.104646064026176e-07,
        1.8984606240427337e-06,
        9.034122322186582e-06,
        0.00015953062008447426,
        1.0197385447495957e-05,
        3.099088854316762e-05,
        1.3325158033480594e-05,
        3.3043400684816915e-08,
        0.00022908014807930218,
        0.0005666315041658353,
        0.0001595157808266687,
        1.5049425904169506e-06
      ],
      "total_spikes": 4182,
      "stim_count": 1862,
      "mean_spike_rate_Hz": 1.09
    },
    {
      "label": "Body temp",
      "gamma_cm": 215.46,
      "p_release": 0.180082,
      "mc_total": 0.0031,
      "mc_per_delay": [
        0.0002009177972492911,
        0.00017853863670121882,
        0.00020232087054103523,
        2.9745245760232312e-05,
        1.8201466908143828e-08,
        5.331800011899004e-05,
        1.0712829051397557e-05,
        0.000313535658390404,
        1.849454156045625e-05,
        3.5006548789593867e-07,
        1.7194280091602796e-05,
        7.363651912056785e-05,
        5.522960858798116e-05,
        3.6738197870546867e-06,
        0.00019866866439868048,
        0.0005097872803064814,
        0.00027336164373359487,
        8.432181857085148e-07,
        6.308310342805124e-05,
        2.6169034621618397e-05,
        0.00024006861823737264,
        5.3022545843939026e-05,
        0.00012803892596797544,
        2.26843812136529e-05,
        3.411513570906154e-05,
        9.546686156009625e-05,
        1.78160798897793e-05,
        0.00016329574173689582,
        1.2296051384024347e-06,
        9.850260842920613e-05
      ],
      "total_spikes": 4182,
      "stim_count": 5331,
      "mean_spike_rate_Hz": 1.08
    },
    {
      "label": "ENAQT peak",
      "gamma_cm": 1145.05,
      "p_release": 0.41783,
      "mc_total": 0.0026,
      "mc_per_delay": [
        0.00017474911090595256,
        3.777672512908952e-05,
        0.0004510876649497612,
        1.8612151679095154e-05,
        4.58644115578536e-05,
        4.094199592752952e-05,
        5.6031870009828245e-05,
        4.4611753896610327e-07,
        5.0891010347782816e-05,
        0.0002182262696582306,
        0.00010967397173284567,
        8.235066148990865e-05,
        4.8283080629780005e-05,
        8.441074284537481e-05,
        0.00029808661880070645,
        2.3559850618090315e-06,
        7.327572417548308e-05,
        0.00015469986187489272,
        7.229408793429537e-07,
        8.023279298278321e-05,
        0.00021599716929976905,
        6.094649504117093e-05,
        7.712985177903486e-05,
        2.754353871084946e-06,
        5.627434845066007e-05,
        3.4255050496536245e-06,
        6.32313480278401e-05,
        3.637765995949552e-05,
        4.020748493104267e-05,
        8.138646495534914e-06
      ],
      "total_spikes": 4182,
      "stim_count": 12425,
      "mean_spike_rate_Hz": 1.1
    },
    {
      "label": "Full (P=1)",
      "gamma_cm": null,
      "p_release": 1.0,
      "mc_total": 0.0021,
      "mc_per_delay": [
        9.5198883589733e-05,
        1.1625157029977578e-07,
        8.11596265610664e-07,
        1.0591088702873218e-07,
        7.518253252982755e-06,
        0.00012571170391280817,
        8.73704948344302e-06,
        6.6411163141013775e-06,
        6.802490854209473e-05,
        0.00020364413198742002,
        3.9007344330536016e-05,
        8.500565418170996e-05,
        0.00011487348842991374,
        1.2251948620597171e-05,
        3.502477976114772e-05,
        9.165400706036304e-06,
        0.0001031752919411701,
        2.277092265560073e-05,
        3.38492595929819e-06,
        2.000135584040456e-06,
        8.10738103429129e-05,
        0.00011893668314189435,
        0.00023695900471657402,
        7.268991522222806e-05,
        4.109430259309077e-05,
        5.125035800333969e-05,
        0.0003065515334298811,
        6.951292580139294e-05,
        6.7538070398434e-05,
        0.00010577009861095367
      ],
      "total_spikes": 4182,
      "stim_count": 30152,
      "mean_spike_rate_Hz": 1.09
    }
  ],
  "dephasing_sweep": {
    "gamma_values": [
      0.01,
      0.013999980668948685,
      0.0195999458730937,
      0.027439886333575234,
      0.03841578782282026,
      0.0537820286901918,
      0.07529473619995289,
      0.10541248512729316,
      0.1475772754047945,
      0.20660790028432394,
      0.2892506610032614,
      0.4049503662526289,
      0.5669297299420495,
      0.7937005259840996,
      1.1111792020711804,
      1.555648734873435,
      2.177905221590257,
      3.0490631001065998,
      4.268682445989715,
      5.976147172573666,
      8.366594489082367,
      11.713216111208572,
      16.39847991281383,
      22.957840177953695,
      32.140931869216516,
      44.997242485102845,
      62.99605249474363,
      88.19435171464875,
      123.4719219115545,
      172.86045199197045,
      242.00429863133186,
      338.8055502641131,
      474.3271154230105,
      664.0570446680339,
      929.6785788431669,
      1301.548213214002,
      1822.1649824700733,
      2551.0274530216243,
      3571.4335028260216,
      4999.999999999999
    ],
    "p4_values": [
      0.06253355098019625,
      0.06248574871107286,
      0.062418931286689044,
      0.06232559360430689,
      0.062195324536835184,
      0.06201373516273497,
      0.061761042669573794,
      0.06141024875163064,
      0.06092489281687351,
      0.060256469635653155,
      0.059341835106628105,
      0.05810136440370993,
      0.056439356671464685,
      0.0542491971123379,
      0.05142678089779878,
      0.04789568551095342,
      0.04364462610966382,
      0.03876986522087687,
      0.03350405999071266,
      0.028208787582751627,
      0.023326255700147923,
      0.019324532912841794,
      0.016694439067905208,
      0.016036228446213597,
      0.01823421083722598,
      0.02468577914247155,
      0.03750377262442881,
      0.05950603656890843,
      0.09366384680206903,
      0.14169196965733943,
      0.2020082960787654,
      0.26842047743492825,
      0.3313089636990423,
      0.3810568667152049,
      0.41091684962880665,
      0.4174771136427985,
      0.3998471718323034,
      0.3594162728631786,
      0.3006364353768714,
      0.2315711875173329
    ],