{
  "experiment": "1e_enaqt_reservoir",
  "parameters": {
    "n_reservoir": 200,
    "spectral_radius": 0.9,
    "w_input_scale": 1.5,
    "leak_rate": 0.3,
    "n_steps": 5000,
    "max_delay": 30,
    "seed": 42
  },
  "enaqt_bridge": {
    "p_coherent": 0.062534,
    "p_body": 0.180082,
    "p_peak": 0.41783,
    "gamma_coherent_cm": 0.01,
    "gamma_body_cm": 215.46,
    "gamma_peak_cm": 1145.05
  },
  "conditions": {
    "Coherent": {
      "p_release": 0.062534,
      "mc_total": 0.8092,
      "mc_per_delay": [
        0.2116,
        0.1753,
        0.1427,
        0.1044,
        0.0718,
        0.0519,
        0.0297,
        0.0034,
        0.0186,
        0.0,
        0.0,
        0.0,
        0.0,
        0.0,
        0.0,
        0.0,
        0.0,
        0.0,
        0.0,
        0.0,
        0.0,
        0.0,
        0.0,
        0.0,
        0.0,
        0.0,
        0.0,
        0.0,
        0.0,
        0.0
      ],
      "nlc_square_r2": 0.0,
      "nlc_cross_r2": 0.0,
      "mean_activation": 0.154
    },
    "Body temp": {
      "p_release": 0.180082,
      "mc_total": 1.5393,
      "mc_per_delay": [
        0.2946,
        0.2722,
        0.1982,
        0.1582,
        0.1368,
        0.117,
        0.1087,
        0.0794,
        0.0721,
        0.0565,
        0.0282,
        0.0156,
        0.0,
        0.0019,
        0.0,
        0.0,
        0.0,
        0.0,
        0.0,
        0.0,
        0.0,
        0.0,
        0.0,
        0.0,
        0.0,
        0.0,
        0.0,
        0.0,
        0.0,
        0.0
      ],
      "nlc_square_r2": 0.0,
      "nlc_cross_r2": 0.0,
      "mean_activation": 0.122
    },
    "ENAQT peak": {
      "p_release": 0.41783,
      "mc_total": 2.3727,
      "mc_per_delay": [
        0.4066,
        0.3447,
        0.217,
        0.2109,
        0.1692,
        0.1496,
        0.1192,
        0.1109,
        0.0992,
        0.1086,
        0.0817,
        0.0694,
        0.0584,
        0.067,
        0.0533,
        0.028,
        0.0217,
        0.0291,
        0.0174,
        0.0109,
        0.0,
        0.0,
        0.0,
        0.0,
        0.0,
        0.0,
        0.0,
        0.0,
        0.0,
        0.0
      ],
      "nlc_square_r2": 0.0,
      "nlc_cross_r2": 0.0,
      "mean_activation": 0.098
    },
    "Full (P=1.0)": {
      "p_release": 1.0,
      "mc_total": 6.6945,
      "mc_per_delay": [
        0.8626,
        0.4903,
        0.4441,
        0.3276,
        0.3162,
        0.2888,
        0.2517,
        0.2337,
        0.2284,
        0.2188,
        0.2106,
        0.2036,
        0.1972,
        0.1846,
        0.1759,
        0.1753,
        0.1666,
        0.1587,
        0.1537,
        0.1526,
        0.1484,
        0.1438,
        0.1337,
        0.1297,
        0.1235,
        0.1217,
        0.1194,
        0.1149,
        0.1123,
        0.1063
      ],
      "nlc_square_r2": 0.0,
      "nlc_cross_r2": 0.002,
      "mean_activation": 0.088
    }
  },
  "dephasing_sweep": {
    "gamma_values": [
      0.01,
      0.0151,
      0.0229,
      0.0346,
      0.0522,
      0.079,
      0.1194,
      0.1805,
      0.2728,
      0.4125,
      0.6236,
      0.9427,
      1.4251,
      2.1544,
      3.257,
      4.9239,
      7.4438,
      11.2534,
      17.0125,
      25.7191,
      38.8816,
      58.7802,
      88.8624,
      134.3399,
      203.0918,
      307.0291,
      464.1589,
      701.7038,
      1060.8184,
      1603.7187,
      2424.462,
      3665.2412,
      5541.0203,
      8376.7764,
      12663.8017,
      19144.8198,
      28942.6612,
      43754.7938,
      66147.4064,
      100000.0
    ],
    "p4_values": [
      0.062534,
      0.062472,
      0.06238,
      0.062241,
      0.062032,
      0.061718,
      0.061249,
      0.060551,
      0.059522,
      0.058022,
      0.055878,
      0.052891,
      0.048886,
      0.043792,
      0.037758,
      0.031236,
      0.024946,
      0.019739,
      0.016514,
      0.016402,
      0.021245,
      0.034215,
      0.060129,
      0.104392,
      0.169323,
      0.248884,
      0.327563,
      0.387441,
      0.416364,
      0.409354,
      0.36686,
      0.295556,
      0.210013,
      0.129332,
      0.068457,
      0.031358,
      0.012685,
      0.004651,
      0.001585,
      0.000513
    ],
    "mc_values": [
      0.8041,
      0.8154,
      0.8166,
      0.815,
      0.813,
      0.7894,
      0.7687,
      0.7556,
      0.7568,
      0.7731,
      0.7262,
      0.7291,
      0.6843,
      0.6445,
      0.6098,
      0.6194,
      0.5314,
      0.5323,
      0.4837,
      0.4834,
      0.5502,
      0.6517,
      0.7622,
      1.0624,
      1.5641,
      1.8805,
      2.0876,
      2.3021,
      2.4341,
      2.3975,
      2.2701,
      1.8813,
      1.7326,
      1.28,
      0.8329,
      0.6063,
      0.5054,
      0.4761,
      0.399,
      0.3553
    ],
    "mc_peak_gamma_cm": 1060.8184,
    "mc_peak_value": 2.4341,
    "enaqt_peak_gamma_cm": 1060.8184
  },
  "elapsed_s": 39.8
}