{
  "experiment": "2d_closed_loop_enaqt",
  "platform": "CL SDK Simulator v0.29.0",
  "parameters": {
    "ticks_per_second": 25000,
    "duration_sec": 10,
    "warmup_sec": 1,
    "n_channels": 64,
    "n_input_channels": 8,
    "n_output_channels": 56,
    "input_flip_interval": 50,
    "max_delay": 50,
    "ridge_alpha": 0.01,
    "random_seed": 42,
    "n_sweep_points": 15
  },
  "named_conditions": {
    "coherent": {
      "gamma": 0.01,
      "p_rel": 0.063,
      "label": "Coherent (\u03b3=0.01)",
      "closed_loop": {
        "mc": 0.022234900027266566,
        "mc_per_delay": [
          1.4622657926160237e-06,
          0.0024647930122319007,
          0.00011502327294827074,
          7.421456738743321e-05,
          0.00010120134661599743,
          4.356991191092757e-06,
          0.00038449701526863887,
          0.002619314896880792,
          0.0005917250225537096,
          0.0005443055065687514,
          8.018953872476916e-06,
          0.001378157282323368,
          0.0004734115784948139,
          0.0010431098607272516,
          0.00036179764963719806,
          0.00022892174157415464,
          0.0009406018176495888,
          0.0001576082097057333,
          0.0016098101708211794,
          4.752223994763269e-06,
          9.568450865823484e-06,
          0.00027918480119081153,
          2.0841464130695852e-06,
          8.662567989456538e-05,
          9.052043614343251e-05,
          2.4102503358066123e-05,
          0.00043917411225083994,
          1.0037605777588325e-05,
          2.7542323524174807e-07,
          8.586341994975214e-05,
          0.00010920204984667067,
          0.00039919562178507273,
          0.00019529142590664814,
          0.0007120075262848621,
          5.640716438131986e-06,
          5.277082533932655e-06,
          0.0003898296325510064,
          8.806855991365044e-05,
          0.00018423267171188316,
          0.00045722658488524964,
          5.472275012730491e-06,
          5.990662261071536e-05,
          0.0005191206139586268,
          6.1874167483701e-05,
          1.3907441958083689e-06,
          0.003461920511705376,
          8.658876228506571e-05,
          0.00028377398467217536,
          0.0009499040314731131,
          0.00012445647669322258
        ],
        "spikes": 710,
        "feedback_stims": 45,
        "external_stims": 7695
      },
      "open_loop": {
        "mc": 0.027513306650655725,
        "mc_per_delay": [
          0.00035347489113138634,
          0.00016200541097360894,
          1.4425700725636148e-05,
          2.490470980398315e-05,
          0.0028471512579967715,
          0.0006299905908574156,
          9.317298912619148e-05,
          0.0009922983589153531,
          0.0004688416668517498,
          4.171631956338632e-05,
          0.00041717258552905243,
          0.0001392365721372041,
          0.00013494444763615868,
          0.0001781829994526078,
          7.63110815351459e-05,
          0.0006314271508828537,
          0.0001825557779211138,
          0.0010099728021812457,
          0.00022618206591870166,
          0.0042551631694560735,
          0.00029243790366751706,
          0.00024111072353112436,
          8.039429693466906e-07,
          0.0016481490411284607,
          2.9075363574234967e-05,
          0.00012656959893274567,
          9.166180447307664e-05,
          5.797981365698655e-05,
          8.407150958014588e-05,
          0.0004080057975285582,
          0.0010527459899208592,
          0.00043851695045732007,
          4.970671881947276e-06,
          0.0005029112792809896,
          0.0038971579132126696,
          0.00020209899241382427,
          0.00096840815753246,
          0.00017678133661354535,
          0.00010428515389118814,
          0.0006655770435550013,
          0.0006944864273686231,
          0.0011426334200898731,
          6.157322597319647e-06,
          3.529182233783069e-05,
          0.0004470368647932683,
          7.267603139324762e-06,
          1.8918082722163832e-06,
          0.0002693745777617248,
          0.00027670239707573984,
          0.0007600148708221605
        ],
        "spikes": 728,
        "external_stims": 7693
      }
    },
    "body_temp": {
      "gamma": 215.46,
      "p_rel": 0.18,
      "label": "Body temp (310 K)",
      "closed_loop": {
        "mc": 0.023087043750831857,
        "mc_per_delay": [
          0.00018610582565711591,
          0.00024005480015515095,
          0.0006916279790751337,
          0.0010188197689304733,
          0.0007918893904405816,
          0.000470688123560154,
          0.0003697499085789633,
          0.001543774472513518,
          2.8540929148047046e-09,
          4.4930954661511964e-05,
          6.986960419947045e-05,
          1.0983325790764996e-05,
          7.983911454433835e-05,
          6.239394948294488e-06,
          0.000290504431636423,
          2.005694840190505e-05,
          0.00028081564332755764,
          9.578228143214057e-07,
          0.00042651978137188884,
          3.106752703201982e-05,
          0.0003074705484003489,
          4.4163964177745566e-10,
          0.0010962083901298228,
          0.00025328701713371636,
          2.9557415029736606e-05,
          0.0007182739881334859,
          0.0014598140314493087,
          0.0007796282373157663,
          0.00029497040928433155,
          0.00023241289189714063,
          3.5273198571538335e-05,
          7.263363952792906e-08,
          0.0009756617516326807,
          7.197817685655686e-06,
          1.985083726664322e-06,
          0.0030563158560009836,
          1.6934019830997156e-05,
          0.00038873548976635223,
          0.0004390543082686197,
          0.0011660148986084487,
          0.0007773440295184912,
          0.00011367690288041273,
          0.0001633721344765088,
          0.00016430783903299226,
          0.00039919162195000655,
          0.0011397370656452775,
          0.0005620920883395098,
          0.0002471359438546583,
          0.0010891294197760948,
          0.0005976906054806356
        ],
        "spikes": 691,
        "feedback_stims": 111,
        "external_stims": 22006
      },
      "open_loop": {
        "mc": 0.04728286149519989,
        "mc_per_delay": [
          2.5577106004601584e-05,
          8.900340154640984e-05,
          0.0006121773532398671,
          0.0010762192695523186,
          0.0018225719975922784,
          0.0028266755448378405,
          0.00034714372422450974,
          0.0005867425458494904,
          0.00012053188440373016,
          0.0007527637164646121,
          0.00041197722437350356,
          0.0004881977116433115,
          0.0012003365700322998,
          0.0012915574524045264,
          0.001174646118113769,
          0.0003032473668332058,
          0.0019141805268638329,
          0.001531432015503781,
          0.00019306250745745423,
          0.002051425547424019,
          0.0016495119320707795,
          0.001428826131345904,
          0.005572994262920851,
          0.00026062183806443577,
          0.000417263521800419,
          0.001979801671950889,
          0.0006517695145457132,
          0.002257071628656883,
          0.0008646973627462828,
          9.398109090061529e-07,
          0.0004982179645883244,
          0.0007355076106024927,
          0.0012455162930697459,
          0.00045849646607577316,
          0.0006940017550261003,
          8.926625604020034e-05,
          8.912842191143063e-05,
          0.000256386402430025,
          0.0008673856025974875,
          0.0003488560221209602,
          0.0018984380447128882,
          0.00042031742772903586,
          4.272936751183061e-05,
          0.00025918565029974764,
          0.00020540623043835743,
          0.0005238955844893678,
          0.00010997302545527213,
          0.002319791382326701,
          0.002081182783715145,
          0.00023621194468247814
        ],
        "spikes": 702,
        "external_stims": 21998
      }
    },
    "enaqt_peak": {
      "gamma": 1145.05,