{
  "experiment": "3b_magnetic_field",
  "physics": {
    "gamma_P31_MHz_per_T": 17.235,
    "J_dipolar_Hz": 50.0,
    "chem_shift_frac": 0.001,
    "earth_field_uT": 50.0,
    "T1_310K": 0.5,
    "B_transition_mT": 1.4505
  },
  "b_field_sweep": {
    "B_mT": [
      0.0,
      0.01,
      0.05,
      0.1,
      0.2,
      0.5,
      1.0,
      2.0,
      3.0,
      5.0,
      7.0,
      10.0
    ],
    "tau_c_us": [
      249703.32670114606,
      249573.14481291542,
      248824.73749098612,
      247441.03344402683,
      243830.04111913088,
      229792.6433630137,
      152615.60706508378,
      4850.356283418476,
      2927.4928666303385,
      1707.654815174243,
      1213.3393524456797,
      847.8527291414027
    ],
    "larmor_Hz": [
      861.75,
      1034.1000000000001,
      1723.5,
      2585.2500000000005,
      4308.75,
      9479.25,
      18096.75,
      35331.75,
      52566.75,
      87036.75,
      121506.75,
      173211.75
    ]
  },
  "temperature_sweep": {
    "temperature_K": [
      4,
      50,
      100,
      150,
      200,
      250,
      280,
      300,
      310,
      320,
      340,
      370
    ],
    "tau_c_us": [
      1000000.0,
      898903.1675299499,
      460818.86602546833,
      299498.33949403046,
      233779.00722806135,
      185315.9965954469,
      168827.62484043284,
      153065.81205729354,
      152615.60706508378,
      152267.18770903305,
      136666.4260090661,
      121339.20406181675
    ],
    "B_mT": 1.0
  },
  "key_comparisons": {
    "tau_zero_field_us": 249703.3,
    "tau_1mT_us": 152615.6,
    "delta_tau_us": -97087.7,
    "pct_change": -38.9,
    "larmor_dipolar_ratio": 344.7
  },
  "prediction": {
    "B_field_alters_coherence": true,
    "effect_sign": "negative",
    "testable": true
  },
  "elapsed_s": 5.3
}