{
  "experiment": "multi_seed_enaqt_sweep",
  "n_seeds": 5,
  "seeds": [
    42,
    137,
    256,
    512,
    1024
  ],
  "gamma_values_J": [
    0.01,
    0.1,
    0.5,
    1.0,
    3.0,
    5.0,
    9.0,
    11.0,
    15.0,
    30.0,
    100.0,
    500.0
  ],
  "p4_values": [
    0.001827,
    0.00164,
    0.001129,
    0.002253,
    0.01122,
    0.021822,
    0.031013,
    0.031774,
    0.028514,
    0.016311,
    0.00171,
    1.6e-05
  ],
  "mc_per_seed": [
    [
      0.002898229554891738,
      0.002035081302913242,
      0.00253349218663892,
      0.002399834444067645,
      0.001975549113391183,
      0.004054596906176182,
      0.003288435039554208,
      0.0018857562983672345,
      0.0017850861590279217,
      0.0027019750263098823,
      0.002759408709293595,
      0.0020436968688183938
    ],
    [
      0.003482914746154159,
      0.0028841319693853193,
      0.003310946720588645,
      0.0026687319300991055,
      0.0031482258015941567,
      0.002206752399440462,
      0.0018932756304967783,
      0.002580136169649116,
      0.004055102286015738,
      0.0028863930765005252,
      0.0037399708114391394,
      0.003365294530709337
    ],
    [
      0.002863277548428269,
      0.0025943117980426313,
      0.003050197807161363,
      0.0031762194560797817,
      0.002427551267239519,
      0.002498685304776146,
      0.0024374288116470137,
      0.0033520322700135354,
      0.002718072012193265,
      0.002849288936681156,
      0.003023802566151668,
      0.0026095250385443558
    ],
    [
      0.0029009773967591528,
      0.002559232698960474,
      0.0030258962428994615,
      0.004344785365962627,
      0.0020630648761471053,
      0.00427994525011407,
      0.0023583680209505304,
      0.0030970140896666603,
      0.0038136350940818683,
      0.0037608089766839946,
      0.0028373613067412345,
      0.0028074472785735525
    ],
    [
      0.0024665363094442,
      0.0021589058669545733,
      0.0031069844153266916,
      0.0022538050014261277,
      0.0025592905989100965,
      0.0032041314052438626,
      0.0026275463073695366,
      0.0036447729946444286,
      0.0016368823350582972,
      0.002148516762088594,
      0.003007913177884505,
      0.0031674889949444614
    ]
  ],
  "mc_mean": [
    0.0029223871111355034,
    0.002446332727251248,
    0.003005503474523016,
    0.0029686752395270575,
    0.002434736331456412,
    0.0032488222531501442,
    0.0025210107620036136,
    0.002911942364468195,
    0.002801755577275418,
    0.0028693965556528304,
    0.0030736913143020283,
    0.00279869054231802
  ],
  "mc_std": [
    0.00032450796194207604,
    0.000309210064343784,
    0.0002564379309601265,
    0.0007564838370613046,
    0.00041800124081451876,
    0.0008201341011737113,
    0.0004533828058431515,
    0.0006209870520607365,
    0.0009992324498674606,
    0.000518267681355306,
    0.00034795673495778925,
    0.00046107008005136463
  ],
  "pearson_r": -0.0702,
  "mc_peak_gamma_J": 5.0,
  "mc_peak_mc": 0.0032488222531501442
}